,Symbol,Company Name,Industry,Market Cap
0,A,Agilent Technologies,Life Sciences Tools & Services,47.30B
1,AA,Alcoa,Metals & Mining,9.13B
2,AAC,Ares Acquisition,Blank Check / SPAC,1.22B
3,AACG,ATA Creativity Global,Diversified Consumer Services,49.26M
4,AACI,Armada Acquisition I,Blank Check / SPAC,202.12M
5,AADI,Aadi Bioscience,Biotechnology,472.20M
6,AAIC,Arlington Asset Investment,Mortgage Real Estate Investment Trus...,116.16M
7,AAL,American Airlines Group,Airlines,11.66B
8,AAMC,Altisource Asset Management,Real Estate Management & Development,36.79M
9,AAME,Atlantic American,Insurance,75.81M
10,AAN,The Aaron's Company,Specialty Retail,766.62M
11,AAOI,Applied Optoelectronics,Communications Equipment,157.78M
12,AAON,"AAON, Inc.",Building Products,4.20B
13,AAP,Advance Auto Parts,Specialty Retail,14.97B
14,AAPL,Apple,"Technology Hardware, Storage & Periph...","2,944.13B"
15,AAQC,Accelerate Acquisition,Blank Check / SPAC,487.00M
16,AAT,American Assets Trust,Equity Real Estate Investment Trusts...,2.16B
17,AATC,Autoscope Technologies,Scientific & Technical Instruments,35.94M
18,AAU,Almaden Minerals,Metals & Mining,42.84M
19,AAWW,Atlas Air Worldwide Holdings,Air Freight & Logistics,2.53B
20,AB,AllianceBernstein Holding,Capital Markets,5.03B
21,ABB,ABB Ltd,Electrical Equipment,73.20B
22,ABBV,AbbVie,Biotechnology,221.82B
23,ABC,AmerisourceBergen,Health Care Providers & Services,25.63B
24,ABCB,Ameris Bancorp,Banks,3.43B
25,ABCL,AbCellera Biologics,Biotechnology,3.93B
26,ABCM,Abcam,Biotechnology,5.23B
27,ABEO,Abeona Therapeutics,Biotechnology,62.78M
28,ABEV,Ambev,Beverages,45.08B
29,ABG,Asbury Automotive Group,Specialty Retail,3.99B
30,ABGI,ABG Acquisition I,Blank Check / SPAC,188.30M
31,ABIO,ARCA biopharma,Biotechnology,33.58M
32,ABM,ABM Industries,Commercial Services & Supplies,3.06B
33,ABMD,Abiomed,Health Care Equipment & Supplies,13.92B
34,ABNB,Airbnb,"Hotels, Restaurants & Leisure",114.64B
35,ABOS,Acumen Pharmaceuticals,Biotechnology,284.91M
36,ABR,Arbor Realty Trust,Mortgage Real Estate Investment Trus...,2.73B
37,ABSI,Absci,Biotechnology,942.58M
38,ABST,Absolute Software,Software-Application,442.56M
39,ABT,Abbott Laboratories,Health Care Equipment & Supplies,237.61B
40,ABTX,Allegiance Bancshares,Banks,817.92M
41,ABUS,Arbutus Biopharma,Biotechnology,560.01M
42,ABVC,ABVC BioPharma,Biotechnology,99.56M
43,AC,Associated Capital Group,Capital Markets,860.27M
44,ACA,Arcosa,Construction & Engineering,2.66B
45,ACAD,ACADIA Pharmaceuticals,Biotechnology,3.58B
46,ACAH,Atlantic Coastal Acquisition,Blank Check / SPAC,425.47M
47,ACB,Aurora Cannabis,Pharmaceuticals,1.22B
48,ACBA,Ace Global Business Acquisition,Blank Check / SPAC,60.96M
49,ACBI,Atlantic Capital Bancshares,Banks,576.04M
50,ACC,American Campus Communities,Equity Real Estate Investment Trusts...,7.57B
51,ACCD,Accolade,Health Care Technology,1.63B
52,ACCO,ACCO Brands,Commercial Services & Supplies,787.87M
53,ACEL,Accel Entertainment,"Hotels, Restaurants & Leisure",1.22B
54,ACER,Acer Therapeutics,Pharmaceuticals,29.48M
55,ACET,Adicet Bio,Health Care Providers & Services,443.86M
56,ACEV,ACE Convergence Acquisition,Blank Check / SPAC,286.06M
57,ACGL,Arch Capital Group,Insurance,16.77B
58,ACH,Aluminum Corporation of China,Metals & Mining,15.25B
59,ACHC,Acadia Healthcare Company,Health Care Providers & Services,5.28B
60,ACHL,Achilles Therapeutics,Biotechnology,201.39M
61,ACHR,Archer Aviation,Aerospace & Defense,1.73B
62,ACHV,Achieve Life Sciences,Biotechnology,67.12M
63,ACI,Albertsons Companies,Grocery Stores,14.34B
64,ACII,Atlas Crest Investment II,Blank Check / SPAC,421.76M
65,ACIU,AC Immune,Biotechnology,364.72M
66,ACIW,ACI Worldwide,Software,3.89B
67,ACKIT,Ackrell SPAC Partners I Co.,Blank Check / SPAC,154.12M
68,ACLS,Axcelis Technologies,Semiconductors & Semiconductor Equipment,2.20B
69,ACM,AECOM,Construction & Engineering,10.38B
70,ACMR,ACM Research,Semiconductors & Semiconductor Equipment,1.50B
71,ACN,Accenture,IT Services,239.67B
72,ACNB,ACNB Corporation,Banks,253.72M
73,ACOR,Acorda Therapeutics,Biotechnology,29.69M
74,ACQR,Independence Holdings,Blank Check / SPAC,603.58M
75,ACR,ACRES Commercial Realty,Mortgage Real Estate Investment Trus...,126.94M
76,ACRE,Ares Commercial Real Estate,Mortgage Real Estate Investment Trus...,690.46M
77,ACRO,Acropolis Infrastructure Acquisition,Blank Check / SPAC,363.75M
78,ACRS,Aclaris Therapeutics,Pharmaceuticals,808.20M
79,ACRX,AcelRx Pharmaceuticals,Pharmaceuticals,67.73M
80,ACST,Acasti Pharma,Pharmaceuticals,53.20M
81,ACT,Enact Holdings,Insurance-Specialty,3.39B
82,ACTD,ArcLight Clean Transition II,Blank Check / SPAC,389.73M
83,ACTG,Acacia Research,Professional Services,255.89M
84,ACU,Acme United,Commercial Services & Supplies,118.15M
85,ACVA,ACV Auctions,Software-Application,3.06B
86,ACXP,Acurx Pharmaceuticals,Biotechnology,43.01M
87,ACY,AeroCentury,Trading Companies & Distributors,163.42M
88,ADAG,Adagene,Biotechnology,409.62M
89,ADAP,Adaptimmune Therapeutics,Biotechnology,565.46M
90,ADBE,Adobe,Software,311.39B
91,ADC,Agree Realty,Equity Real Estate Investment Trusts...,4.75B
92,ADCT,ADC Therapeutics,Communications Equipment,1.56B
93,ADER,26 Capital Acquisition,Blank Check / SPAC,338.25M
94,ADES,Advanced Emissions Solutions,Chemicals,129.41M
95,ADEX,Adit EdTech Acquisition,Blank Check / SPAC,340.86M
96,ADGI,Adagio Therapeutics,Biotechnology,3.70B
97,ADI,Analog Devices,Semiconductors & Semiconductor Equipment,96.36B
98,ADIL,Adial Pharmaceuticals,Pharmaceuticals,57.11M
99,ADM,Archer-Daniels-Midland Company,Food Products,35.50B
100,ADMA,ADMA Biologics,Biotechnology,260.43M
101,ADMP,Adamis Pharmaceuticals,Pharmaceuticals,100.96M
102,ADN,Advent Technologies Holdings,Utilities-Renewable,376.20M
103,ADNT,Adient,Auto Components,4.47B
104,ADOC,Edoc Acquisition,Blank Check / SPAC,120.40M
105,ADP,Automatic Data Processing,IT Services,99.75B
106,ADPT,Adaptive Biotechnologies,Life Sciences Tools & Services,3.77B
107,ADRA,Adara Acquisition,Blank Check / SPAC,141.31M
108,ADS,Alliance Data Systems,IT Services,3.64B
109,ADSK,Autodesk,Software,59.17B
110,ADT,ADT Inc.,Commercial Services & Supplies,7.07B
111,ADTN,ADTRAN,Communications Equipment,1.02B
112,ADTX,Aditx,Biotechnology,34.31M
113,ADUS,Addus HomeCare,Health Care Providers & Services,1.46B
114,ADV,Advantage Solutions,Advertising Agencies,2.39B
115,ADVM,Adverum Biotechnologies,Biotechnology,176.67M
116,ADXN,Addex Therapeutics,Biotechnology,39.15M
117,ADXS,Advaxis,Biotechnology,47.33M
118,AE,Adams Resources & Energy,"Oil, Gas & Consumable Fuels",123.51M
119,AEAC,Authentic Equity Acquisition,Blank Check / SPAC,292.80M
120,AEE,Ameren,Multi-Utilities,22.47B
121,AEG,Aegon,Insurance,9.16B
122,AEHA,Aesther Healthcare Acquisition,Blank Check / SPAC,125.62M
123,AEHL,Antelope Enterprise Holdings,Building Products & Equipment,10.15M
124,AEHR,Aehr Test Systems,Semiconductors & Semiconductor Equipment,409.78M
125,AEI,Alset EHome International,Real Estate-Development,40.36M
126,AEIS,Advanced Energy Industries,Semiconductors & Semiconductor Equipment,3.27B
127,AEL,American Equity Investment Life Holding Company,Insurance,3.40B
128,AEM,Agnico Eagle Mines,Metals & Mining,11.72B
129,AEMD,Aethlon Medical,Health Care Equipment & Supplies,33.87M
130,AENZ,Aenza,Engineering & Construction,277.27M
131,AEO,American Eagle Outfitters,Specialty Retail,4.40B
132,AEP,American Electric Power Company,Electric Utilities,41.69B
133,AER,AerCap Holdings,Trading Companies & Distributors,14.83B
134,AERC,AeroClean Technologies,Pollution & Treatment Controls,180.09M
135,AERI,Aerie Pharmaceuticals,Pharmaceuticals,425.74M
136,AES,The AES Corporation,Independent Power and Renewable Elect...,16.28B
137,AESE,Allied Esports Entertainment,"Hotels, Restaurants & Leisure",75.54M
138,AEVA,Aeva Technologies,Auto Parts,1.92B
139,AEY,ADDvantage Technologies Group,"Electronic Equipment, Instruments & C...",23.65M
140,AEYE,AudioEye,Software,84.36M
141,AEZS,AEterna Zentaris,Biotechnology,52.22M
142,AFAQ,AF Acquisition,Blank Check / SPAC,273.00M
143,AFBI,Affinity Bancshares,Banks,104.12M
144,AFCG,AFC Gamma,REIT-Specialty,347.27M
145,AFG,American Financial Group,Insurance,11.71B
146,AFI,Armstrong Flooring,Building Products,43.85M
147,AFIB,Acutus Medical,Medical Devices,93.08M
148,AFIN,American Finance Trust,Equity Real Estate Investment Trusts...,1.04B
149,AFL,Aflac,Insurance,38.26B
150,AFMD,Affimed,Biotechnology,705.60M
151,AFRM,Affirm Holdings,IT Services,32.23B
152,AFTR,AfterNext HealthTech Acquisition,Blank Check / SPAC,302.81M
153,AFYA,Afya Limited,Diversified Consumer Services,1.37B
154,AG,First Majestic Silver,Metals & Mining,2.77B
155,AGAC,African Gold Acquisition,Blank Check / SPAC,507.15M
156,AGBA,AGBA Acquisition,Blank Check / SPAC,58.99M
157,AGCB,Altimeter Growth 2,Blank Check / SPAC,580.41M
158,AGCO,AGCO Corporation,Machinery,8.77B
159,AGE,AgeX Therapeutics,Biotechnology,24.09M
160,AGEN,Agenus,Biotechnology,827.00M
161,AGFS,AgroFresh Solutions,Chemicals,99.98M
162,AGFY,Agrify,Machinery,287.80M
163,AGGR,Agile Growth,Blank Check / SPAC,376.26M
164,AGI,Alamos Gold,Metals & Mining,2.82B
165,AGIL,AgileThought,Software-Application,364.67M
166,AGIO,Agios Pharmaceuticals,Biotechnology,1.61B
167,AGL,agilon health,Medical Care Facilities,9.00B
168,AGLE,Aeglea Biotherapeutics,Biotechnology,183.47M
169,AGM,Federal Agricultural Mortgage,Thrifts & Mortgage Finance,1.30B
170,AGM.A,Federal Agricultural Mortgage,Credit Services,1.30B
171,AGMH,AGM Group Holdings,Capital Markets,114.47M
172,AGNC,AGNC Investment,Mortgage Real Estate Investment Trus...,8.19B
173,AGO,Assured Guaranty,Insurance,3.40B
174,AGR,Avangrid,Electric Utilities,18.67B
175,AGRI,AgriFORCE Growing Systems,Farm Products,32.53M
176,AGRO,Adecoagro,Food Products,864.34M
177,AGRX,Agile Therapeutics,Pharmaceuticals,80.11M
178,AGS,PlayAGS,"Hotels, Restaurants & Leisure",248.90M
179,AGTC,Applied Genetic Technologies,Biotechnology,87.87M
180,AGTI,Agiliti,Health Information Services,2.60B
181,AGX,Argan,Construction & Engineering,591.51M
182,AGYS,Agilysys,Software,1.12B
183,AHCO,AdaptHealth,Health Care Providers & Services,2.89B
184,AHH,Armada Hoffler Properties,Equity Real Estate Investment Trusts...,912.13M
185,AHI,Advanced Human Imaging,Software-Application,51.23M
186,AHPA,Avista Public Acquisition II,Blank Check / SPAC,286.35M
187,AHPI,Allied Healthcare Products,Health Care Equipment & Supplies,21.39M
188,AHT,Ashford Hospitality Trust,Equity Real Estate Investment Trusts...,348.71M
189,AI,C3.ai,Software,3.53B
190,AIG,American International Group,Insurance,45.16B
191,AIH,Aesthetic Medical International Holdings Group,Health Care Providers & Services,58.52M
192,AIHS,Senmiao Technology,Consumer Finance,28.73M
193,AIKI,AIkido Pharma,Biotechnology,62.24M
194,AIM,AIM ImmunoTech,Biotechnology,55.50M
195,AIMC,Altra Industrial Motion,Machinery,3.45B
196,AIN,Albany International,Machinery,2.82B
197,AINC,Ashford,Capital Markets,49.87M
198,AINV,Apollo Investment,Capital Markets,857.20M
199,AIP,Arteris,Semiconductors,757.11M
200,AIR,AAR Corp.,Aerospace & Defense,1.26B
201,AIRC,Apartment Income REIT,Equity Real Estate Investment Trusts...,8.21B
202,AIRG,Airgain,"Electronic Equipment, Instruments & C...",102.06M
203,AIRI,Air Industries Group,Aerospace & Defense,31.55M
204,AIRS,AirSculpt Technologies,Medical Care Facilities,725.55M
205,AIRT,Air T,Air Freight & Logistics,77.87M
206,AIT,Applied Industrial Technologies,Trading Companies & Distributors,3.95B
207,AIV,Apartment Investment & Management Company,Equity Real Estate Investment Trusts...,1.19B
208,AIZ,Assurant,Insurance,8.83B
209,AJG,Arthur J. Gallagher & Company,Insurance,35.15B
210,AJRD,Aerojet Rocketdyne Holdings,Aerospace & Defense,3.43B
211,AJX,Great Ajax,Mortgage Real Estate Investment Trus...,293.45M
212,AKA,a.k.a. Brands Holding,Internet Retail,1.40B
213,AKAM,Akamai Technologies,IT Services,18.36B
214,AKBA,Akebia Therapeutics,Biotechnology,437.40M
215,AKIC,Sports Ventures Acquisition,Blank Check / SPAC,286.75M
216,AKO.A,Embotelladora Andina,Beverages-Non-Alcoholic,1.82B
217,AKO.B,Embotelladora Andina,Beverages-Non-Alcoholic,1.94B
218,AKR,Acadia Realty Trust,Equity Real Estate Investment Trusts...,1.89B
219,AKRO,Akero Therapeutics,Biotechnology,693.58M
220,AKTS,Akoustis Technologies,"Electronic Equipment, Instruments & C...",352.87M
221,AKTX,Akari Therapeutics,Pharmaceuticals,74.25M
222,AKU,Akumin,Diagnostics & Research,147.78M
223,AKUS,Akouos,Biotechnology,276.30M
224,AKYA,Akoya Biosciences,Medical Instruments & Supplies,476.26M
225,AL,Air Lease,Trading Companies & Distributors,5.07B
226,ALAC,Alberton Acquisition,Blank Check / SPAC,52.06M
227,ALB,Albemarle,Chemicals,30.75B
228,ALBO,Albireo Pharma,Biotechnology,415.07M
229,ALC,Alcon,Medical Instruments & Supplies,41.25B
230,ALCC,AltC Acquisition,Blank Check / SPAC,633.10M
231,ALCO,Alico,Food Products,274.84M
232,ALDX,Aldeyra Therapeutics,Biotechnology,402.58M
233,ALE,ALLETE,Electric Utilities,3.31B
234,ALEC,Alector,Biotechnology,1.75B
235,ALEX,Alexander & Baldwin,Equity Real Estate Investment Trusts...,1.76B
236,ALF,"ALFI, Inc.",Software-Infrastructure,44.48M
237,ALG,Alamo Group,Machinery,1.78B
238,ALGM,Allegro MicroSystems,Semiconductors & Semiconductor Equipment,6.43B
239,ALGN,Align Technology,Health Care Equipment & Supplies,52.68B
240,ALGS,Aligos Therapeutics,Biotechnology,507.13M
241,ALGT,Allegiant Travel Company,Airlines,3.35B
242,ALHC,Alignment Healthcare,Health Care Providers & Services,2.57B
243,ALIM,Alimera Sciences,Pharmaceuticals,32.26M
244,ALIT,Alight,Software-Application,4.76B
245,ALJJ,ALJ Regional Holdings,IT Services,51.63M
246,ALK,Alaska Air Group,Airlines,6.47B
247,ALKS,Alkermes,Biotechnology,3.53B
248,ALKT,Alkami Technology,Software-Application,1.94B
249,ALL,The Allstate Corporation,Insurance,30.97B
250,ALLE,Allegion,Building Products,11.76B
251,ALLK,Allakos,Biotechnology,3.95B
252,ALLO,Allogene Therapeutics,Biotechnology,2.57B
253,ALLT,Allot,Software,424.49M
254,ALLY,Ally Financial,Consumer Finance,16.85B
255,ALNA,Allena Pharmaceuticals,Biotechnology,51.92M
256,ALNY,Alnylam Pharmaceuticals,Biotechnology,20.77B
257,ALOT,AstroNova,"Technology Hardware, Storage & Periph...",107.29M
258,ALPA,Alpha Healthcare Acquisition III,Blank Check / SPAC,187.63M
259,ALPN,Alpine Immune Sciences,Biotechnology,373.43M
260,ALPP,Alpine 4 Holdings,Metal Fabrication,456.42M
261,ALRM,Alarm.com Holdings,Software,4.01B
262,ALRN,Aileron Therapeutics,Biotechnology,53.10M
263,ALRS,Alerus Financial,Diversified Financial Services,512.29M
264,ALSN,Allison Transmission Holdings,Machinery,3.64B
265,ALT,Altimmune,Biotechnology,374.34M
266,ALTG,Alta Equipment Group,Trading Companies & Distributors,441.11M
267,ALTM,Altus Midstream Company,"Oil, Gas & Consumable Fuels",236.93M
268,ALTO,Alto Ingredients,"Oil, Gas & Consumable Fuels",360.36M
269,ALTR,Altair Engineering,Software,5.76B
270,ALTU,Altitude Acquisition,Blank Check / SPAC,369.75M
271,ALV,Autoliv,Auto Components,9.02B
272,ALVR,AlloVir,Biotechnology,1.15B
273,ALX,Alexander's,Equity Real Estate Investment Trusts...,1.32B
274,ALXO,ALX Oncology Holdings,Biotechnology,1.26B
275,ALYA,Alithya Group,IT Services,212.06M
276,ALZN,Alzamend Neuro,Biotechnology,191.15M
277,AM,Antero Midstream,"Oil, Gas & Consumable Fuels",4.56B
278,AMAL,Amalgamated Financial,Banks,519.32M
279,AMAM,Ambrx Biopharma,Biotechnology,320.54M
280,AMAO,American Acquisition Opportunity,Blank Check / SPAC,134.81M
281,AMAT,Applied Materials,Semiconductors & Semiconductor Equipment,137.90B
282,AMBA,Ambarella,Semiconductors & Semiconductor Equipment,7.62B
283,AMBC,Ambac Financial Group,Insurance,709.38M
284,AMBO,Ambow Education Holding,Diversified Consumer Services,24.69M
285,AMBP,Ardagh Metal Packaging,Packaging & Containers,6.05B
286,AMC,AMC Entertainment Holdings,Entertainment,14.09B
287,AMCI,AMCI Acquisition II,Blank Check / SPAC,181.87M
288,AMCR,Amcor,Containers & Packaging,17.78B
289,AMCX,AMC Networks,Media,1.65B
290,AMD,Advanced Micro Devices,Semiconductors & Semiconductor Equipment,167.31B
291,AME,AMETEK,Electrical Equipment,33.02B
292,AMED,Amedisys,Health Care Providers & Services,5.24B
293,AMEH,Apollo Medical Holdings,Health Care Providers & Services,4.17B
294,AMG,Affiliated Managers Group,Capital Markets,6.72B
295,AMGN,Amgen,Biotechnology,118.79B
296,AMH,American Homes 4 Rent,Equity Real Estate Investment Trusts...,13.86B
297,AMK,AssetMark Financial Holdings,Capital Markets,1.85B
298,AMKR,Amkor Technology,Semiconductors & Semiconductor Equipment,5.72B
299,AMN,AMN Healthcare Services,Health Care Providers & Services,5.26B
300,AMNB,American National Bankshares,Banks,400.54M
301,AMOT,Allied Motion Technologies,Electrical Equipment,561.64M
302,AMOV,America Movil,Wireless Telecommunication Services,61.67B
303,AMP,Ameriprise Financial,Capital Markets,33.32B
304,AMPE,Ampio Pharmaceuticals,Pharmaceuticals,200.19M
305,AMPG,AmpliTech Group,Communication Equipment,33.82M
306,AMPH,Amphastar Pharmaceuticals,Pharmaceuticals,1.03B
307,AMPI,Advanced Merger Partners,Blank Check / SPAC,351.47M
308,AMPL,Amplitude,Software-Application,6.05B
309,AMPS,Altus Power,Shell Companies,0.00
310,AMPY,Amplify Energy,Oil & Gas E&P,118.25M
311,AMR,Alpha Metallurgical Resources,"Oil, Gas & Consumable Fuels",922.23M
312,AMRC,Ameresco,Construction & Engineering,4.20B
313,AMRK,A-Mark Precious Metals,Diversified Financial Services,692.59M
314,AMRN,Amarin,Biotechnology,1.34B
315,AMRS,Amyris,Chemicals,1.83B
316,AMRX,Amneal Pharmaceuticals,Pharmaceuticals,603.46M
317,AMS,American Shared Hospital Services,Health Care Providers & Services,15.20M
318,AMSC,American Superconductor,Electrical Equipment,319.73M
319,AMSF,AMERISAFE,Insurance,1.01B
320,AMST,Amesite,Software-Application,26.60M
321,AMSWA,American Software,Software,790.88M
322,AMT,American Tower,Equity Real Estate Investment Trusts...,124.13B
323,AMTB,Amerant Bancorp,Banks,1.17B
324,AMTI,Applied Molecular Transport,Biotechnology,555.02M
325,AMTX,Aemetis,"Oil, Gas & Consumable Fuels",570.25M
326,AMWD,American Woodmark,Building Products,1.08B
327,AMWL,American Well,Health Information Services,1.62B
328,AMX,America Movil,Wireless Telecommunication Services,62.22B
329,AMYT,Amryt Pharma,Drug Manufacturers-Specialty & Generic,605.43M
330,AMZN,Amazon.com,Internet & Direct Marketing Retail,"1,746.74B"
331,AN,AutoNation,Specialty Retail,7.91B
332,ANAB,AnaptysBio,Biotechnology,825.24M
333,ANAC,Arctos NorthStar Acquisition,Blank Check / SPAC,386.22M
334,ANAT,American National Group,Insurance,5.07B
335,ANDE,The Andersons,Food & Staples Retailing,1.16B
336,ANEB,Anebulo Pharmaceuticals,Biotechnology,148.39M
337,ANET,Arista Networks,Communications Equipment,40.16B
338,ANF,Abercrombie & Fitch Company,Specialty Retail,2.00B
339,ANGI,Angi Inc.,Interactive Media & Services,4.80B
340,ANGN,Angion Biomedica,Biotechnology,78.19M
341,ANGO,AngioDynamics,Health Care Equipment & Supplies,980.56M
342,ANIK,Anika Therapeutics,Biotechnology,559.28M
343,ANIP,ANI Pharmaceuticals,Pharmaceuticals,623.08M
344,ANIX,Anixa Biosciences,Biotechnology,99.13M
345,ANNX,Annexon,Biotechnology,605.17M
346,ANPC,AnPac Bio-Medical Science Co.,Biotechnology,21.14M
347,ANSS,ANSYS,Software,34.77B
348,ANTE,AirNet Technology,Media,37.19M
349,ANTM,Anthem,Health Care Providers & Services,104.61B
350,ANVS,Annovis Bio,Biotechnology,170.44M
351,ANY,Sphere 3D,Software,245.83M
352,ANZU,Anzu Special Acquisition I,Blank Check / SPAC,521.16M
353,AOMR,Angel Oak Mortgage,REIT-Mortgage,424.82M
354,AON,Aon plc,Insurance,64.72B
355,AOS,A. O. Smith,Building Products,13.31B
356,AOSL,Alpha & Omega Semiconductor,Semiconductors & Semiconductor Equipment,1.43B
357,AOUT,American Outdoor Brands,Leisure Products,256.84M
358,AP,Ampco-Pittsburgh,Metals & Mining,96.61M
359,APA,APA Corporation,"Oil, Gas & Consumable Fuels",9.69B
360,APAC,Stonebridge Acquisition,Blank Check / SPAC,247.00M
361,APAM,Artisan Partners Asset Management,Capital Markets,3.53B
362,APD,Air Products & Chemicals,Chemicals,65.41B
363,APDN,Applied DNA Sciences,"Electronic Equipment, Instruments & C...",36.68M
364,APEI,American Public Education,Diversified Consumer Services,400.75M
365,APEN,Apollo Endosurgery,Health Care Equipment & Supplies,323.44M
366,APG,APi Group,Construction & Engineering,5.36B
367,APGB,Apollo Strategic Growth Capital II,Blank Check / SPAC,843.52M
368,APH,Amphenol,"Electronic Equipment, Instruments & C...",50.40B
369,API,Agora,"Electronic Equipment, Instruments & C...",2.16B
370,APLE,Apple Hospitality REIT,Equity Real Estate Investment Trusts...,3.57B
371,APLS,Apellis Pharmaceuticals,Biotechnology,4.08B
372,APLT,Applied Therapeutics,Biotechnology,256.65M
373,APM,Aptorum Group,Biotechnology,66.27M
374,APMI,AxonPrime Infrastructure Acquisition,Blank Check / SPAC,182.62M
375,APO,Apollo Global Management,Capital Markets,30.15B
376,APOG,Apogee Enterprises,Building Products,1.12B
377,APP,AppLovin,Software-Application,33.93B
378,APPF,AppFolio,Software,4.23B
379,APPH,AppHarvest,Farm Products,520.61M
380,APPN,Appian,Software,5.01B
381,APPS,Digital Turbine,Software,5.15B
382,APR,Apria,Medical Instruments & Supplies,1.11B
383,APRE,Aprea Therapeutics,Biotechnology,91.01M
384,APRN,Blue Apron Holdings,Internet & Direct Marketing Retail,295.33M
385,APSG,Apollo Strategic Growth Capital,Shell Companies,1.01B
386,APT,Alpha Pro Tech,Building Products,67.09M
387,APTM,Alpha Partners Technology Merger,Blank Check / SPAC,310.89M
388,APTO,Aptose Biosciences,Biotechnology,178.55M
389,APTS,Preferred Apartment Communities,Equity Real Estate Investment Trusts...,741.25M
390,APTV,Aptiv,Auto Components,45.71B
391,APTX,Aptinyx,Biotechnology,185.54M
392,APVO,Aptevo Therapeutics,Biotechnology,38.06M
393,APWC,Asia Pacific Wire & Cable,Electrical Equipment,33.31M
394,APYX,Apyx Medical,Health Care Equipment & Supplies,457.80M
395,AQB,AquaBounty Technologies,Biotechnology,170.46M
396,AQMS,Aqua Metals,Commercial Services & Supplies,106.14M
397,AQN,Algonquin Power & Utilities,Multi-Utilities,9.37B
398,AQST,Aquestive Therapeutics,Pharmaceuticals,201.22M
399,AQUA,Evoqua Water Technologies,Machinery,5.58B
400,AR,Antero Resources,"Oil, Gas & Consumable Fuels",5.47B
401,ARAV,Aravive,Biotechnology,58.94M
402,ARAY,Accuray,Health Care Equipment & Supplies,448.23M
403,ARBE,Arbe Robotics,Software-Infrastructure,680.38M
404,ARBG,Aequi Acquisition,Blank Check / SPAC,281.75M
405,ARBK,Argo Blockchain,Capital Markets,649.17M
406,ARC,ARC Document Solutions,Commercial Services & Supplies,136.27M
407,ARCB,ArcBest,Road & Rail,2.76B
408,ARCC,Ares Capital,Capital Markets,9.56B
409,ARCE,Arco Platform,Diversified Consumer Services,1.29B
410,ARCH,Arch Resources,"Oil, Gas & Consumable Fuels",1.30B
411,ARCO,Arcos Dorados Holdings,"Hotels, Restaurants & Leisure",1.15B
412,ARCT,Arcturus Therapeutics Holdings,Biotechnology,911.28M
413,ARDS,Aridis Pharmaceuticals,Biotechnology,32.18M
414,ARDX,Ardelyx,Biotechnology,164.60M
415,ARE,Alexandria Real Estate Equities,Equity Real Estate Investment Trusts...,32.84B
416,AREC,American Resources,"Oil, Gas & Consumable Fuels",107.41M
417,ARES,Ares Management,Capital Markets,13.46B
418,ARGO,Argo Group International Holdings,Insurance,1.97B
419,ARGU,Argus Capital,Blank Check / SPAC,324.88M
420,ARGX,Argenx SE,Biotechnology,15.35B
421,ARHS,Arhaus,Home Improvement Retail,1.66B
422,ARI,Apollo Commercial Real Estate Finance,Mortgage Real Estate Investment Trus...,1.88B
423,ARIS,Aris Water Solutions,Internet Software & Services,263.26M
424,ARKO,ARKO Corp.,Grocery Stores,1.15B
425,ARKR,Ark Restaurants,"Hotels, Restaurants & Leisure",61.90M
426,ARL,American Realty Investors,Real Estate Management & Development,181.71M
427,ARLO,Arlo Technologies,"Electronic Equipment, Instruments & C...",761.22M
428,ARLP,Alliance Resource Partners,"Oil, Gas & Consumable Fuels",1.29B
429,ARMK,Aramark,"Hotels, Restaurants & Leisure",9.17B
430,ARMP,Armata Pharmaceuticals,Biotechnology,134.35M
431,ARNA,Arena Pharmaceuticals,Biotechnology,3.06B
432,ARNC,Arconic,Aerospace & Defense,3.33B
433,AROC,Archrock,Energy Equipment & Services,1.14B
434,AROW,Arrow Financial,Banks,555.21M
435,ARQQ,Arqit Quantum,Software-Infrastructure,2.49B
436,ARQT,Arcutis Biotherapeutics,Biotechnology,770.02M
437,ARR,ARMOUR Residential REIT,Mortgage Real Estate Investment Trus...,902.27M
438,ARRW,Arrowroot Acquisition,Blank Check / SPAC,350.03M
439,ARRY,Array Technologies,Solar,2.33B
440,ARTA,Artisan Acquisition,Blank Check / SPAC,433.91M
441,ARTE,Artemis Strategic Investment,Blank Check / SPAC,248.79M
442,ARTL,Artelo Biosciences,Pharmaceuticals,26.51M
443,ARTNA,Artesian Resources,Water Utilities,401.94M
444,ARTW,Art's-Way Manufacturing Co.,Machinery,15.55M
445,ARVL,Arrival,Auto Manufacturers,4.98B
446,ARVN,Arvinas,Pharmaceuticals,3.55B
447,ARW,Arrow Electronics,"Electronic Equipment, Instruments & C...",8.81B
448,ARWR,Arrowhead Pharmaceuticals,Biotechnology,7.32B
449,ARYD,ARYA Sciences Acquisition IV,Blank Check / SPAC,190.31M
450,ARYE,Arya Sciences Acquisition V,Blank Check / SPAC,187.45M
451,ASA,ASA Gold and Precious Metals,Capital Markets,389.46M
452,ASAI,Sendas Distribuidora,Food & Staples Retailing,3.55B
453,ASAN,Asana,Software,12.66B
454,ASAQ,Atlantic Street Acquisition,Blank Check / SPAC,307.19M
455,ASAX,Astrea Acquisition,Blank Check / SPAC,218.61M
456,ASB,Associated Banc-Corp,Banks,3.37B
457,ASC,Ardmore Shipping,"Oil, Gas & Consumable Fuels",139.17M
458,ASGN,ASGN Incorporated,Professional Services,6.60B
459,ASH,Ashland Global Holdings,Chemicals,5.97B
460,ASIX,AdvanSix,Chemicals,1.32B
461,ASLE,AerSale,Airports & Air Services,846.16M
462,ASLN,ASLAN Pharmaceuticals,Biotechnology,91.20M
463,ASM,Avino Silver & Gold Mines,Metals & Mining,82.42M
464,ASMB,Assembly Biosciences,Biotechnology,107.69M
465,ASML,ASML Holding,Semiconductors & Semiconductor Equipment,323.16B
466,ASND,Ascendis Pharma,Biotechnology,7.96B
467,ASO,Academy Sports and Outdoors,Specialty Retail,4.17B
468,ASPA,Abri SPAC I,Blank Check / SPAC,64.15M
469,ASPC,Alpha Capital Acquisition Company,Blank Check / SPAC,283.47M
470,ASPN,Aspen Aerogels,Energy Equipment & Services,1.85B
471,ASPS,Altisource Portfolio Solutions,Real Estate Management & Development,171.29M
472,ASPU,Aspen Group,Diversified Consumer Services,70.73M
473,ASR,Grupo Aeroportuario del Sureste,Transportation Infrastructure,5.94B
474,ASRT,Assertio Holdings,Pharmaceuticals,63.83M
475,ASRV,AmeriServ Financial,Banks,66.45M
476,ASTC,Astrotech,Aerospace & Defense,36.50M
477,ASTE,Astec Industries,Machinery,1.55B
478,ASTL,Algoma Steel Group,Steel,699.74M
479,ASTR,Astra Space,Aerospace & Defense,2.30B
480,ASTS,AST SpaceMobile,Telecom Services,450.57M
481,ASUR,Asure Software,Software,170.93M
482,ASX,ASE Technology Holding Company,Semiconductors & Semiconductor Equipment,15.93B
483,ASXC,Asensus Surgical,Medical Devices,292.99M
484,ASYS,Amtech Systems,Semiconductors & Semiconductor Equipment,139.66M
485,ASZ,Austerlitz Acquisition II,Blank Check / SPAC,1.93B
486,ATA,Americas Technology Acquisition,Blank Check / SPAC,146.31M
487,ATAI,ATAI Life Sciences,Biotechnology,1.74B
488,ATAQ,Altimar Acquisition III,Blank Check / SPAC,189.79M
489,ATAX,America First Multifamily Investors LP,Thrifts & Mortgage Finance,422.62M
490,ATC,Atotech,Electronic Components,4.83B
491,ATCO,Atlas,Marine,3.42B
492,ATCX,Atlas Technical Consultants,Engineering & Construction,274.98M
493,ATEC,Alphatec Holdings,Health Care Equipment & Supplies,1.16B
494,ATEN,A10 Networks,Software,1.21B
495,ATER,Aterian,Consumer Electronics,256.40M
496,ATEX,Anterix,Wireless Telecommunication Services,1.06B
497,ATGE,Adtalem Global Education,Diversified Consumer Services,1.50B
498,ATH,Athene Holding,Insurance,15.37B
499,ATHA,Athira Pharma,Biotechnology,506.11M
